,emp_title_id,average_salary
0,e0001,48564.43444730077
1,e0002,48535.336511426336
2,e0003,48506.79987109579
3,e0004,48582.89609189332
4,m0001,51531.041666666664
5,s0001,58465.38285033152
6,s0002,58550.17270435993
